1st_depth,2nd_depth,3rd_depth,4th_depth,제품_URL,PRODUCT_CODE
여성의류,"전체
선택됨",,,https://shopping.naver.com/window-products/style/4507960935?tr=swl,d1a4a87d
여성의류,"전체
선택됨",,,https://shopping.naver.com/window-products/style/7527099736?tr=ftspip&trx=sc5346572_1,e2ecf540
여성의류,"전체
선택됨",,,https://shopping.naver.com/window-products/style/4815604748?tr=swl,c7a8aa75
여성의류,"전체
선택됨",,,https://shopping.naver.com/window-products/style/5882211535?tr=swl,d18b61e2
여성의류,"전체
선택됨",,,https://shopping.naver.com/window-products/style/7901063093?tr=ftspip&trx=sc8028691_1,26495696
여성의류,"전체
선택됨",,,https://shopping.naver.com/window-products/style/8085117830?tr=swl#COORDI,40e3fdfa
여성의류,"전체
선택됨",,,https://shopping.naver.com/window-products/style/8063814249?tr=ftspip&trx=sc8006640_1,8f28daa6
여성의류,"전체
선택됨",,,https://shopping.naver.com/window-products/style/3437228618?tr=swl,5477dd80
여성의류,"전체
선택됨",,,https://shopping.naver.com/window-products/style/3934438294?tr=swl,4621dc41
여성의류,"전체
선택됨",,,https://shopping.naver.com/window-products/style/8304383878?tr=ftspip&trx=sc5376590_1,e0a569e5
여성의류,"전체
선택됨",,,https://shopping.naver.com/window-products/style/5194189546?tr=ftspip&trx=sc7305032_1,106f75de
여성의류,"전체
선택됨",,,https://shopping.naver.com/window-products/style/4507960935?tr=swl#COORDI,9470c71a
여성의류,"전체
선택됨",,,https://shopping.naver.com/window-products/style/3641139441?tr=ftspip&trx=sc7756043_1,e1f9a6cf
여성의류,"전체
선택됨",,,https://shopping.naver.com/window-products/style/4986553483?tr=swl,db985af2
여성의류,"전체
선택됨",,,https://shopping.naver.com/window-products/style/7527093267?tr=ftspip&trx=sc4561422_1,86b5f45b
여성의류,"전체
선택됨",,,https://shopping.naver.com/window-products/style/5072540311?tr=ftspip&trx=sc70429_1,914c0b99
여성의류,"전체
선택됨",,,https://shopping.naver.com/window-products/style/2146912770?tr=swl,482b627f
여성의류,"전체
선택됨",,,https://shopping.naver.com/window-products/style/4528133491?tr=ftspip&trx=sc6390486_1,fb352401
여성의류,"전체
선택됨",,,https://shopping.naver.com/window-products/style/4685241232?tr=ftspip&trx=sc7629517_1,a1208389
여성의류,"전체
선택됨",,,https://shopping.naver.com/window-products/style/4414785709?tr=ftspip&trx=sc4017981_1,acdc6a3f
여성의류,"전체
선택됨",,,https://shopping.naver.com/window-products/style/5178386601?tr=ftspip&trx=sc8016185_1,b42f0390
여성의류,"전체
선택됨",,,https://shopping.naver.com/window-products/style/7983742890?tr=ftspip&trx=sc7501843_1,7d7ec9f5
여성의류,"전체
선택됨",,,https://shopping.naver.com/window-products/style/5140730684?tr=ftspip&trx=sc7450707_1,053f1351
여성의류,"전체
선택됨",,,https://shopping.naver.com/window-products/style/4868690618?tr=swl,cb60dd8a
여성의류,"전체
선택됨",,,https://shopping.naver.com/window-products/style/4794670277?tr=swl,0d0b98e0
여성의류,"전체
선택됨",,,https://shopping.naver.com/window-products/style/7512322764?tr=ftspip&trx=sc7908869_1,3da35b84
여성의류,"전체
선택됨",,,https://shopping.naver.com/window-products/style/7527105762?tr=ftspip&trx=sc4951895_1,3bf96482
여성의류,"전체
선택됨",,,https://shopping.naver.com/window-products/style/5915395889?tr=swl,60398381
여성의류,"전체
선택됨",,,https://shopping.naver.com/window-products/style/8284344322?tr=swl,84e87654
여성의류,"전체
선택됨",,,https://shopping.naver.com/window-products/style/4903501106?tr=ftspip&trx=sc8153413_1,30f00bb3
여성의류,아우터,,,https://shopping.naver.com/window-products/style/7901063093?tr=ftspip&trx=sc8028691_1,26495696
여성의류,아우터,,,https://shopping.naver.com/window-products/style/2512642119?tr=swl,6cada8b0
여성의류,아우터,,,https://shopping.naver.com/window-products/style/3565871966?tr=swl,80bc48e7
여성의류,아우터,,,https://shopping.naver.com/window-products/style/7512323497?tr=swl,ad4f1dd9
여성의류,아우터,,,https://shopping.naver.com/window-products/style/2000235543?tr=ftspip&trx=sc3457534_1,62cde7bc
여성의류,아우터,,,https://shopping.naver.com/window-products/style/5147657768?tr=swl#COORDI,50e8660b
여성의류,아우터,,,https://shopping.naver.com/window-products/style/7527106176?tr=swl,7e422590
여성의류,아우터,,,https://shopping.naver.com/window-products/style/10669026724?tr=ftspip&trx=sc7804813_1,54c26561
여성의류,아우터,,,https://shopping.naver.com/window-products/style/7527103234?tr=swl,74d8a1df
여성의류,아우터,,,https://shopping.naver.com/window-products/style/4861349532?tr=ftspip&trx=sc6949797_1,62163ae4
여성의류,아우터,,,https://shopping.naver.com/window-products/style/5446500383?tr=ftspip&trx=sc8197051_1,459d591c
여성의류,아우터,,,https://shopping.naver.com/window-products/style/9228609628?tr=swl#COORDI,8c3752ae
여성의류,아우터,,,https://shopping.naver.com/window-products/style/11008844470?tr=ftspip&trx=sc7465535_1,81cf5bfc
여성의류,아우터,,,https://shopping.naver.com/window-products/style/7496048248?tr=ftspip&trx=sc2340875_1,8cab2001
여성의류,아우터,,,https://shopping.naver.com/window-products/style/7526432680?tr=swl,18d7d2f0
여성의류,아우터,,,https://shopping.naver.com/window-products/style/7531849735?tr=swl,04378e3e
여성의류,아우터,,,https://shopping.naver.com/window-products/style/7527099595?tr=ftspip&trx=sc5861118_1,993d2333
여성의류,아우터,,,https://shopping.naver.com/window-products/style/4945397535?tr=ftspip&trx=sc6393652_1,b07a5144
여성의류,아우터,,,https://shopping.naver.com/window-products/style/10707649539?tr=ftspip&trx=sc8163841_1,9213692d
여성의류,아우터,,,https://shopping.naver.com/window-products/style/5622332194?tr=swl,7b818897
여성의류,아우터,,,https://shopping.naver.com/window-products/style/7221049780?tr=ftspip&trx=sc7984188_1,00d70e5d
여성의류,아우터,,,https://shopping.naver.com/window-products/style/4994865954?tr=ftspip&trx=sc6894196_1,1f10c995
여성의류,아우터,,,https://shopping.naver.com/window-products/style/7526432401?tr=swl,414714d0
여성의류,아우터,,,https://shopping.naver.com/window-products/style/8392022216?tr=ftspip&trx=sc6742343_1,28dd14ef
여성의류,아우터,,,https://shopping.naver.com/window-products/style/7512321848?tr=swl,4d6b847a
여성의류,아우터,,,https://shopping.naver.com/window-products/style/5558192252?tr=ftspip&trx=sc3993441_1,dc07a25f
여성의류,아우터,,,https://shopping.naver.com/window-products/style/5542094168?tr=swl,4848020f
여성의류,아우터,,,https://shopping.naver.com/window-products/style/9923993270?tr=swl,66432e3a
여성의류,아우터,,,https://shopping.naver.com/window-products/style/11007303783?tr=ftspip&trx=sc7668782_1,5087dfbf
여성의류,아우터,,,https://shopping.naver.com/window-products/style/7531489186?tr=ftspip&trx=sc641649_1,c2a7b528
여성의류,상의,,,https://shopping.naver.com/window-products/style/4815604748?tr=swl,c7a8aa75
여성의류,상의,,,https://shopping.naver.com/window-products/style/3437228618?tr=swl,5477dd80
여성의류,상의,,,https://shopping.naver.com/window-products/style/8304383878?tr=ftspip&trx=sc5376590_1,e0a569e5
여성의류,상의,,,https://shopping.naver.com/window-products/style/7527093267?tr=ftspip&trx=sc4561422_1,86b5f45b
여성의류,상의,,,https://shopping.naver.com/window-products/style/5072540311?tr=ftspip&trx=sc70429_1,914c0b99
여성의류,상의,,,https://shopping.naver.com/window-products/style/8085117830?tr=swl#COORDI,40e3fdfa
여성의류,상의,,,https://shopping.naver.com/window-products/style/2146912770?tr=swl,482b627f
여성의류,상의,,,https://shopping.naver.com/window-products/style/5140730684?tr=ftspip&trx=sc7450707_1,053f1351
여성의류,상의,,,https://shopping.naver.com/window-products/style/4868690618?tr=swl,cb60dd8a
여성의류,상의,,,https://shopping.naver.com/window-products/style/7512322764?tr=ftspip&trx=sc7908869_1,3da35b84
여성의류,상의,,,https://shopping.naver.com/window-products/style/7527105762?tr=ftspip&trx=sc4951895_1,3bf96482
여성의류,상의,,,https://shopping.naver.com/window-products/style/4507960935?tr=swl#COORDI,9470c71a
여성의류,상의,,,https://shopping.naver.com/window-products/style/5915395889?tr=swl,60398381
여성의류,상의,,,https://shopping.naver.com/window-products/style/8284344322?tr=swl,84e87654
여성의류,상의,,,https://shopping.naver.com/window-products/style/4903501106?tr=ftspip&trx=sc8153413_1,30f00bb3
여성의류,상의,,,https://shopping.naver.com/window-products/style/4126274421?tr=ftspip&trx=sc7828495_1,e69ccd88
여성의류,상의,,,https://shopping.naver.com/window-products/style/5215274639?tr=swl,ef2560d5
여성의류,상의,,,https://shopping.naver.com/window-products/style/7526433320?tr=swl,4d3d5b39
여성의류,상의,,,https://shopping.naver.com/window-products/style/7512324566?tr=swl,fb5faf20
여성의류,상의,,,https://shopping.naver.com/window-products/style/7527106818?tr=swl,37d63789
여성의류,상의,,,https://shopping.naver.com/window-products/style/3729385447?tr=ftspip&trx=sc6920056_1,2da58278
여성의류,상의,,,https://shopping.naver.com/window-products/style/5557071842?tr=ftspip&trx=sc6583744_1,00cfc5d4
여성의류,상의,,,https://shopping.naver.com/window-products/style/3737638806?tr=swl,79a8e6fa
여성의류,상의,,,https://shopping.naver.com/window-products/style/7527097678?tr=ftspip&trx=sc3992999_1,cc9428ed
여성의류,상의,,,https://shopping.naver.com/window-products/style/3648742579?tr=swl,45ac6c55
여성의류,상의,,,https://shopping.naver.com/window-products/style/7522204039?tr=swl,909c24de
여성의류,상의,,,https://shopping.naver.com/window-products/style/5882511846?tr=ftspip&trx=sc7379690_1,5d4d36d2
여성의류,상의,,,https://shopping.naver.com/window-products/style/2333814814?tr=swl,374783f0
여성의류,상의,,,https://shopping.naver.com/window-products/style/7511891010?tr=swl,cbc04126
여성의류,상의,,,https://shopping.naver.com/window-products/style/5798804592?tr=ftspip&trx=sc5488080_1,7fe7ede3
여성의류,하의,,,https://shopping.naver.com/window-products/style/4507960935?tr=swl,d1a4a87d
여성의류,하의,,,https://shopping.naver.com/window-products/style/7527099736?tr=ftspip&trx=sc5346572_1,e2ecf540
여성의류,하의,,,https://shopping.naver.com/window-products/style/5882211535?tr=swl,d18b61e2
여성의류,하의,,,https://shopping.naver.com/window-products/style/3934438294?tr=swl,4621dc41
여성의류,하의,,,https://shopping.naver.com/window-products/style/5194189546?tr=ftspip&trx=sc7305032_1,106f75de
여성의류,하의,,,https://shopping.naver.com/window-products/style/8085117830?tr=swl#COORDI,40e3fdfa
여성의류,하의,,,https://shopping.naver.com/window-products/style/3641139441?tr=ftspip&trx=sc7756043_1,e1f9a6cf
여성의류,하의,,,https://shopping.naver.com/window-products/style/4986553483?tr=swl,db985af2
여성의류,하의,,,https://shopping.naver.com/window-products/style/4685241232?tr=ftspip&trx=sc7629517_1,a1208389
여성의류,하의,,,https://shopping.naver.com/window-products/style/4414785709?tr=ftspip&trx=sc4017981_1,acdc6a3f
여성의류,하의,,,https://shopping.naver.com/window-products/style/5178386601?tr=ftspip&trx=sc8016185_1,b42f0390
여성의류,하의,,,https://shopping.naver.com/window-products/style/4507960935?tr=swl#COORDI,9470c71a
여성의류,하의,,,https://shopping.naver.com/window-products/style/7983742890?tr=ftspip&trx=sc7501843_1,7d7ec9f5
여성의류,하의,,,https://shopping.naver.com/window-products/style/4794670277?tr=swl,0d0b98e0
여성의류,하의,,,https://shopping.naver.com/window-products/style/6630324384?tr=ftspip&trx=sc8073968_1,3538ca6c
여성의류,하의,,,https://shopping.naver.com/window-products/style/4680181226?tr=swl,c2933740
여성의류,하의,,,https://shopping.naver.com/window-products/style/4271386604?tr=ftspip&trx=sc5902121_1,077ad50d
여성의류,하의,,,https://shopping.naver.com/window-products/style/8391687415?tr=ftspip&trx=sc6668865_1,d4e4693d
여성의류,하의,,,https://shopping.naver.com/window-products/style/7530809986?tr=swl,644196e2
여성의류,하의,,,https://shopping.naver.com/window-products/style/8402296253?tr=ftspip&trx=sc6834508_1,582d8a5b
여성의류,하의,,,https://shopping.naver.com/window-products/style/4839652199?tr=ftspip&trx=sc7305435_1,9d3ffe5c
여성의류,하의,,,https://shopping.naver.com/window-products/style/2224951666?tr=swl,61a6d8a6
여성의류,하의,,,https://shopping.naver.com/window-products/style/1003104356?tr=swl,1f4a2475
여성의류,하의,,,https://shopping.naver.com/window-products/style/7396820596?tr=swl,d08505d9
여성의류,하의,,,https://shopping.naver.com/window-products/style/8062886115?tr=swl,415fe870
여성의류,하의,,,https://shopping.naver.com/window-products/style/4678492193?tr=ftspip&trx=sc6902432_1,6a2647db
여성의류,하의,,,https://shopping.naver.com/window-products/style/8145920886?tr=ftspip&trx=sc8071966_1,c622e083
여성의류,하의,,,https://shopping.naver.com/window-products/style/6957885938?tr=ftspip&trx=sc7129121_1,a7f8d928
여성의류,하의,,,https://shopping.naver.com/window-products/style/4875990999?tr=ftspip&trx=sc94905_1,33741649
여성의류,하의,,,https://shopping.naver.com/window-products/style/9384781150?tr=swl,54de477a
여성의류,원피스/셋업,,,https://shopping.naver.com/window-products/style/4528133491?tr=ftspip&trx=sc6390486_1,fb352401
여성의류,원피스/셋업,,,https://shopping.naver.com/window-products/style/4687834560?tr=ftspip&trx=sc7629543_1,47915fde
여성의류,원피스/셋업,,,https://shopping.naver.com/window-products/style/8304909703?tr=ftspip&trx=sc5292017_1,e1f09987
여성의류,원피스/셋업,,,https://shopping.naver.com/window-products/style/7527102792?tr=swl,9827b260
여성의류,원피스/셋업,,,https://shopping.naver.com/window-products/style/7526433321?tr=swl,f5828ed6
여성의류,원피스/셋업,,,https://shopping.naver.com/window-products/style/3715095847?tr=swl#COORDI,c83a4b52
여성의류,원피스/셋업,,,https://shopping.naver.com/window-products/style/7531604160?tr=swl,c9dc927d
여성의류,원피스/셋업,,,https://shopping.naver.com/window-products/style/7515020861?tr=ftspip&trx=sc317712_1,4ffc1772
여성의류,원피스/셋업,,,https://shopping.naver.com/window-products/style/7527110351?tr=swl,29479618
여성의류,원피스/셋업,,,https://shopping.naver.com/window-products/style/5149405591?tr=ftspip&trx=sc1997143_1,3f96004c
여성의류,원피스/셋업,,,https://shopping.naver.com/window-products/style/5115170435?tr=ftspip&trx=sc773371_1,2734edfc
여성의류,원피스/셋업,,,https://shopping.naver.com/window-products/style/5104736416?tr=swl#COORDI,9d227bb3
여성의류,원피스/셋업,,,https://shopping.naver.com/window-products/style/7531618664?tr=swl,521479a1
여성의류,원피스/셋업,,,https://shopping.naver.com/window-products/style/9116710390?tr=ftspip&trx=sc8003430_1,83af2e71
여성의류,원피스/셋업,,,https://shopping.naver.com/window-products/style/7512320523?tr=swl,70669ee9
여성의류,원피스/셋업,,,https://shopping.naver.com/window-products/style/3643433359?tr=swl,d50ecf63
여성의류,원피스/셋업,,,https://shopping.naver.com/window-products/style/4089677483?tr=swl,9a9fbf70
여성의류,원피스/셋업,,,https://shopping.naver.com/window-products/style/7526432583?tr=swl,fca2f1c5
여성의류,원피스/셋업,,,https://shopping.naver.com/window-products/style/5675450671?tr=swl,8b0e6b7f
여성의류,원피스/셋업,,,https://shopping.naver.com/window-products/style/7526433315?tr=swl,502ea779
여성의류,원피스/셋업,,,https://shopping.naver.com/window-products/style/4889456516?tr=swl,199044f0
여성의류,원피스/셋업,,,https://shopping.naver.com/window-products/style/8948278178?tr=swl,55b15162
여성의류,원피스/셋업,,,https://shopping.naver.com/window-products/style/7525420285?tr=swl,12111c02
여성의류,원피스/셋업,,,https://shopping.naver.com/window-products/style/9559207350?tr=swl,7076105a
여성의류,원피스/셋업,,,https://shopping.naver.com/window-products/style/8304475247?tr=swl,75864e5a
여성의류,원피스/셋업,,,https://shopping.naver.com/window-products/style/7984355202?tr=ftspip&trx=sc6125410_1,3533533c
여성의류,원피스/셋업,,,https://shopping.naver.com/window-products/style/9173918178?tr=ftspip&trx=sc3052128_1,4655ee76
여성의류,원피스/셋업,,,https://shopping.naver.com/window-products/style/4919061169?tr=swl#COORDI,655ff481
여성의류,원피스/셋업,,,https://shopping.naver.com/window-products/style/7512318866?tr=swl,79a10c8e
여성의류,원피스/셋업,,,https://shopping.naver.com/window-products/style/4866518175?tr=swl,245cd058
여성의류,트레이닝복,,,https://shopping.naver.com/window-products/style/8063814249?tr=ftspip&trx=sc8006640_1,8f28daa6
여성의류,트레이닝복,,,https://shopping.naver.com/window-products/style/3934438294?tr=swl,4621dc41
여성의류,트레이닝복,,,https://shopping.naver.com/window-products/style/7983742890?tr=swl,7a97f89c
여성의류,트레이닝복,,,https://shopping.naver.com/window-products/style/2224951666?tr=swl,61a6d8a6
여성의류,트레이닝복,,,https://shopping.naver.com/window-products/style/8062886115?tr=swl,415fe870
여성의류,트레이닝복,,,https://shopping.naver.com/window-products/style/3934438294?tr=swl#COORDI,5b25dbfb
여성의류,트레이닝복,,,https://shopping.naver.com/window-products/style/5934159515?tr=ftspip&trx=sc7718025_1,4186825e
여성의류,트레이닝복,,,https://shopping.naver.com/window-products/style/8062693121?tr=swl,2b287a2b
여성의류,트레이닝복,,,https://shopping.naver.com/window-products/style/4945681276?tr=ftspip&trx=sc294361_1,6fc3cb9a
여성의류,트레이닝복,,,https://shopping.naver.com/window-products/style/2257693815?tr=swl,a1f9a339
여성의류,트레이닝복,,,https://shopping.naver.com/window-products/style/6425395408?tr=swl,c727faf5
여성의류,트레이닝복,,,https://shopping.naver.com/window-products/style/5147657768?tr=swl#COORDI,50e8660b
여성의류,트레이닝복,,,https://shopping.naver.com/window-products/style/8496701759?tr=ftspip&trx=sc5746372_1,8d4f2249
여성의류,트레이닝복,,,https://shopping.naver.com/window-products/style/4748525211?tr=ftspip&trx=sc5038279_1,db80e100
여성의류,트레이닝복,,,https://shopping.naver.com/window-products/style/7530810006?tr=swl,fcb8b59a
여성의류,트레이닝복,,,https://shopping.naver.com/window-products/style/2619923165?tr=swl,a8ca8401
여성의류,트레이닝복,,,https://shopping.naver.com/window-products/style/8085742882?tr=ftspip&trx=sc2574108_1,c2a10bf0
여성의류,트레이닝복,,,https://shopping.naver.com/window-products/style/5799809982?tr=swl,a736c072
여성의류,트레이닝복,,,https://shopping.naver.com/window-products/style/4744211115?tr=ftspip&trx=sc4911344_1,45f216d4
여성의류,트레이닝복,,,https://shopping.naver.com/window-products/style/8063489155?tr=swl,5a30a8c1
여성의류,트레이닝복,,,https://shopping.naver.com/window-products/style/8395183915?tr=ftspip&trx=sc3039262_1,77330f5a
여성의류,트레이닝복,,,https://shopping.naver.com/window-products/style/5866681383?tr=swl,3d80c805
여성의류,트레이닝복,,,https://shopping.naver.com/window-products/style/8062894373?tr=swl,0a85a189
여성의류,트레이닝복,,,https://shopping.naver.com/window-products/style/2220916610?tr=swl,86d0baa6
여성의류,트레이닝복,,,https://shopping.naver.com/window-products/style/9240065763?tr=swl,344bb052
여성의류,트레이닝복,,,https://shopping.naver.com/window-products/style/8063367080?tr=swl,39f34a3f
여성의류,트레이닝복,,,https://shopping.naver.com/window-products/style/6651087533?tr=swl,73cdf5b8
여성의류,트레이닝복,,,https://shopping.naver.com/window-products/style/5151844897?tr=swl#COORDI,d81418eb
여성의류,트레이닝복,,,https://shopping.naver.com/window-products/style/7533280656?tr=ftspip&trx=sc7814233_1,db020d51
여성의류,트레이닝복,,,https://shopping.naver.com/window-products/style/8063807198?tr=swl,d7119225
여성의류,시즌웨어,,,https://shopping.naver.com/window-products/style/8587327824?tr=ftspip&trx=sc6554894_1,9dabd5ea
여성의류,시즌웨어,,,https://shopping.naver.com/window-products/style/2834619161?tr=swl,b052f4b2
여성의류,시즌웨어,,,https://shopping.naver.com/window-products/style/8226033035?tr=ftspip&trx=sc2990458_1,0adfe4d2
여성의류,시즌웨어,,,https://shopping.naver.com/window-products/style/8226048135?tr=ftspip&trx=sc2990475_1,334321ed
여성의류,시즌웨어,,,https://shopping.naver.com/window-products/style/7531141443?tr=swl,87c5f227
여성의류,시즌웨어,,,https://shopping.naver.com/window-products/style/8546883635?tr=swl#COORDI,8e74cdce
여성의류,시즌웨어,,,https://shopping.naver.com/window-products/style/7530795476?tr=swl,f927eada
여성의류,시즌웨어,,,https://shopping.naver.com/window-products/style/5002862037?tr=ftspip&trx=sc3218094_1,a1834db5
여성의류,시즌웨어,,,https://shopping.naver.com/window-products/style/7526837278?tr=swl,3d85df70
여성의류,시즌웨어,,,https://shopping.naver.com/window-products/style/7526838913?tr=swl,47e46f15
여성의류,시즌웨어,,,https://shopping.naver.com/window-products/style/7530795307?tr=swl,bba72106
여성의류,시즌웨어,,,https://shopping.naver.com/window-products/style/10471039004?tr=swl#COORDI,35fed5ce
여성의류,시즌웨어,,,https://shopping.naver.com/window-products/style/7530793983?tr=swl,22d752ec
여성의류,시즌웨어,,,https://shopping.naver.com/window-products/style/8340225244?tr=swl,3f61e1ec
여성의류,시즌웨어,,,https://shopping.naver.com/window-products/style/4784237896?tr=swl,ecf998c5
여성의류,시즌웨어,,,https://shopping.naver.com/window-products/style/8225426090?tr=ftspip&trx=sc8110490_1,9d6fe4fe
여성의류,시즌웨어,,,https://shopping.naver.com/window-products/style/7533591039?tr=swl,c41b4815
여성의류,시즌웨어,,,https://shopping.naver.com/window-products/style/8225940386?tr=ftspip&trx=sc2882354_1,6188e8cd
여성의류,시즌웨어,,,https://shopping.naver.com/window-products/style/7530795191?tr=ftspip&trx=sc7905633_1,b248a5a1
여성의류,시즌웨어,,,https://shopping.naver.com/window-products/style/8477827066?tr=ftspip&trx=sc2958373_1,4cd3b135
여성의류,시즌웨어,,,https://shopping.naver.com/window-products/style/5519683780?tr=swl,a3db6899
여성의류,시즌웨어,,,https://shopping.naver.com/window-products/style/8230975894?tr=swl,4574fd49
여성의류,시즌웨어,,,https://shopping.naver.com/window-products/style/8225950619?tr=ftspip&trx=sc2990260_1,a565a180
여성의류,시즌웨어,,,https://shopping.naver.com/window-products/style/7530857629?tr=swl,3eff1fa5
여성의류,시즌웨어,,,https://shopping.naver.com/window-products/style/5303476956?tr=swl,788b6cae
여성의류,시즌웨어,,,https://shopping.naver.com/window-products/style/7533587172?tr=swl,62fa0f75
여성의류,시즌웨어,,,https://shopping.naver.com/window-products/style/8339921357?tr=ftspip&trx=sc6296980_1,8bfb67ae
여성의류,시즌웨어,,,https://shopping.naver.com/window-products/style/4566399273?tr=swl#COORDI,1ed4bdd0
여성의류,시즌웨어,,,https://shopping.naver.com/window-products/style/8226042378?tr=ftspip&trx=sc2882474_1,225b2b30
여성의류,시즌웨어,,,https://shopping.naver.com/window-products/style/8382678426?tr=swl,e2450760
여성의류,요가/필라테스,,,https://shopping.naver.com/window-products/style/7512198784?tr=swl,58114d78
여성의류,요가/필라테스,,,https://shopping.naver.com/window-products/style/7512197968?tr=ftspip&trx=sc2985748_1,b1f50e0e
여성의류,요가/필라테스,,,https://shopping.naver.com/window-products/style/7538932756?tr=ftspip&trx=sc7308099_1,eb79dda2
여성의류,요가/필라테스,,,https://shopping.naver.com/window-products/style/9701796585?tr=swl,d52cae37
여성의류,요가/필라테스,,,https://shopping.naver.com/window-products/style/7512196109?tr=ftspip&trx=sc4182695_1,d11539ea
여성의류,요가/필라테스,,,https://shopping.naver.com/window-products/style/7512196625?tr=ftspip&trx=sc4021196_1,bd2eecad
여성의류,요가/필라테스,,,https://shopping.naver.com/window-products/style/7512198376?tr=swl,06c05228
여성의류,요가/필라테스,,,https://shopping.naver.com/window-products/style/9705951144?tr=swl,3f8c74cb
여성의류,요가/필라테스,,,https://shopping.naver.com/window-products/style/7512192559?tr=ftspip&trx=sc5139406_1,13dfcc26
여성의류,요가/필라테스,,,https://shopping.naver.com/window-products/style/9705793791?tr=ftspip&trx=sc7527848_1,b40b6ddb
여성의류,요가/필라테스,,,https://shopping.naver.com/window-products/style/7512197865?tr=swl,7fcc9b59
여성의류,요가/필라테스,,,https://shopping.naver.com/window-products/style/7538936377?tr=ftspip&trx=sc3102018_1,fa3f4bba
여성의류,요가/필라테스,,,https://shopping.naver.com/window-products/style/7538926109?tr=ftspip&trx=sc4336695_1,b9ac24d6
여성의류,요가/필라테스,,,https://shopping.naver.com/window-products/style/7538930096?tr=ftspip&trx=sc4363022_1,375086a8
여성의류,요가/필라테스,,,https://shopping.naver.com/window-products/style/7538931318?tr=ftspip&trx=sc1031017_1,644c4aac
여성의류,요가/필라테스,,,https://shopping.naver.com/window-products/style/7512198396?tr=ftspip&trx=sc1588675_1,99a6d28e
여성의류,요가/필라테스,,,https://shopping.naver.com/window-products/style/7539105137?tr=ftspip&trx=sc4163161_1,21110d13
여성의류,요가/필라테스,,,https://shopping.naver.com/window-products/style/7518740743?tr=ftspip&trx=sc2987444_1,dd177083
여성의류,요가/필라테스,,,https://shopping.naver.com/window-products/style/7539114048?tr=swl,f81ec651
여성의류,요가/필라테스,,,https://shopping.naver.com/window-products/style/7512197718?tr=swl,97152ce5
여성의류,요가/필라테스,,,https://shopping.naver.com/window-products/style/9705792192?tr=ftspip&trx=sc2714491_1,c11031a0
여성의류,요가/필라테스,,,https://shopping.naver.com/window-products/style/9386793919?tr=swl,5d50be6e
여성의류,요가/필라테스,,,https://shopping.naver.com/window-products/style/7512192519?tr=ftspip&trx=sc5139427_1,8225bb05
여성의류,요가/필라테스,,,https://shopping.naver.com/window-products/style/7518742258?tr=ftspip&trx=sc8120851_1,937ee6dd
여성의류,요가/필라테스,,,https://shopping.naver.com/window-products/style/7538924765?tr=ftspip&trx=sc5026345_1,e574f397
여성의류,요가/필라테스,,,https://shopping.naver.com/window-products/style/7538869461?tr=ftspip&trx=sc7123219_1,2fec4425
여성의류,요가/필라테스,,,https://shopping.naver.com/window-products/style/7538833424?tr=ftspip&trx=sc1030814_1,9fc3ba2f
여성의류,요가/필라테스,,,https://shopping.naver.com/window-products/style/7567783453?tr=ftspip&trx=sc2987417_1,528fbb74
여성의류,요가/필라테스,,,https://shopping.naver.com/window-products/style/8597578212?tr=ftspip&trx=sc6379559_1,6c8a58d2
여성의류,요가/필라테스,,,https://shopping.naver.com/window-products/style/9706285710?tr=swl,0f1e6d6b
여성의류,키즈패션,,,https://shopping.naver.com/window-products/style/11581250439?tr=swl,5250ef6b
여성의류,키즈패션,,,https://shopping.naver.com/window-products/style/9636466831?tr=swl,dfd3b8f9
여성의류,키즈패션,,,https://shopping.naver.com/window-products/style/11581572129?tr=swl,7f4c3024
여성의류,키즈패션,,,https://shopping.naver.com/window-products/style/10269970662?tr=swl,9ea12984
여성의류,키즈패션,,,https://shopping.naver.com/window-products/style/11639650405?tr=swl,b5d216e9
여성의류,키즈패션,,,https://shopping.naver.com/window-products/style/11583282067?tr=swl,630669c6
여성의류,키즈패션,,,https://shopping.naver.com/window-products/style/11326003329?tr=swl,88e1b790
여성의류,키즈패션,,,https://shopping.naver.com/window-products/style/11640054906?tr=swl,a6c7813f
여성의류,키즈패션,,,https://shopping.naver.com/window-products/style/11639751345?tr=swl,78d3268c
여성의류,키즈패션,,,https://shopping.naver.com/window-products/style/11699641819?tr=swl,d90ffc55
여성의류,키즈패션,,,https://shopping.naver.com/window-products/style/11699627280?tr=swl,a7c4e1a6
여성의류,키즈패션,,,https://shopping.naver.com/window-products/style/11699616591?tr=swl,13c30516
여성의류,키즈패션,,,https://shopping.naver.com/window-products/style/11699604943?tr=swl,8cd8f217
여성의류,키즈패션,,,https://shopping.naver.com/window-products/style/11699586605?tr=swl,90ced138
여성의류,키즈패션,,,https://shopping.naver.com/window-products/style/11699576179?tr=swl,cdac1808
여성의류,키즈패션,,,https://shopping.naver.com/window-products/style/11699563739?tr=swl,f768c6d7
여성의류,키즈패션,,,https://shopping.naver.com/window-products/style/11699546724?tr=swl,e329eebd
여성의류,키즈패션,,,https://shopping.naver.com/window-products/style/11698497161?tr=swl,28f6e1aa
여성의류,키즈패션,,,https://shopping.naver.com/window-products/style/11698439206?tr=swl,40d5283b
여성의류,키즈패션,,,https://shopping.naver.com/window-products/style/11698421984?tr=swl,593f5abf
여성의류,키즈패션,,,https://shopping.naver.com/window-products/style/11697826557?tr=swl,d05c2a5f
여성의류,키즈패션,,,https://shopping.naver.com/window-products/style/11697809491?tr=swl,039db811
여성의류,키즈패션,,,https://shopping.naver.com/window-products/style/11697796506?tr=swl,097b587e
여성의류,키즈패션,,,https://shopping.naver.com/window-products/style/11697778411?tr=swl,1b7c151e
여성의류,키즈패션,,,https://shopping.naver.com/window-products/style/11697759465?tr=swl,0454c700
여성의류,키즈패션,,,https://shopping.naver.com/window-products/style/11697733990?tr=swl,9873e5f0
여성의류,키즈패션,,,https://shopping.naver.com/window-products/style/11697271273?tr=swl,2a802ff9
여성의류,키즈패션,,,https://shopping.naver.com/window-products/style/11697249356?tr=swl,2ecbeb6a
여성의류,키즈패션,,,https://shopping.naver.com/window-products/style/11697166515?tr=swl,86940b05
여성의류,키즈패션,,,https://shopping.naver.com/window-products/style/11697139182?tr=swl,eec9ac19
