1st_depth,2nd_depth,3rd_depth,4th_depth,제품_URL
여성의류,"전체
선택됨",,,https://shopping.naver.com/window-products/style/4507960935?tr=swl
여성의류,"전체
선택됨",,,https://shopping.naver.com/window-products/style/7527099736?tr=ftspip&trx=sc5346572_1
여성의류,"전체
선택됨",,,https://shopping.naver.com/window-products/style/4815604748?tr=swl
여성의류,"전체
선택됨",,,https://shopping.naver.com/window-products/style/5882211535?tr=swl
여성의류,"전체
선택됨",,,https://shopping.naver.com/window-products/style/7901063093?tr=ftspip&trx=sc8028691_1
여성의류,"전체
선택됨",,,https://shopping.naver.com/window-products/style/8085117830?tr=swl#COORDI
여성의류,"전체
선택됨",,,https://shopping.naver.com/window-products/style/8063814249?tr=ftspip&trx=sc8006640_1
여성의류,"전체
선택됨",,,https://shopping.naver.com/window-products/style/3437228618?tr=swl
여성의류,"전체
선택됨",,,https://shopping.naver.com/window-products/style/3934438294?tr=swl
여성의류,"전체
선택됨",,,https://shopping.naver.com/window-products/style/8304383878?tr=swl
여성의류,"전체
선택됨",,,https://shopping.naver.com/window-products/style/5194189546?tr=ftspip&trx=sc7305032_1
여성의류,"전체
선택됨",,,https://shopping.naver.com/window-products/style/4507960935?tr=swl#COORDI
여성의류,"전체
선택됨",,,https://shopping.naver.com/window-products/style/3641139441?tr=ftspip&trx=sc786290_1
여성의류,"전체
선택됨",,,https://shopping.naver.com/window-products/style/4986553483?tr=swl
여성의류,"전체
선택됨",,,https://shopping.naver.com/window-products/style/7527093267?tr=ftspip&trx=sc4561422_1
여성의류,"전체
선택됨",,,https://shopping.naver.com/window-products/style/5072540311?tr=ftspip&trx=sc70429_1
여성의류,"전체
선택됨",,,https://shopping.naver.com/window-products/style/2146912770?tr=swl
여성의류,"전체
선택됨",,,https://shopping.naver.com/window-products/style/4528133491?tr=ftspip&trx=sc6390486_1
여성의류,"전체
선택됨",,,https://shopping.naver.com/window-products/style/4685241232?tr=ftspip&trx=sc7629517_1
여성의류,"전체
선택됨",,,https://shopping.naver.com/window-products/style/4414785709?tr=ftspip&trx=sc4017981_1
여성의류,"전체
선택됨",,,https://shopping.naver.com/window-products/style/5178386601?tr=ftspip&trx=sc8016185_1
여성의류,"전체
선택됨",,,https://shopping.naver.com/window-products/style/7983742890?tr=ftspip&trx=sc7501843_1
여성의류,"전체
선택됨",,,https://shopping.naver.com/window-products/style/5140730684?tr=ftspip&trx=sc7450707_1
여성의류,"전체
선택됨",,,https://shopping.naver.com/window-products/style/4868690618?tr=swl
여성의류,"전체
선택됨",,,https://shopping.naver.com/window-products/style/4794670277?tr=swl
여성의류,"전체
선택됨",,,https://shopping.naver.com/window-products/style/7512322764?tr=ftspip&trx=sc7908869_1
여성의류,"전체
선택됨",,,https://shopping.naver.com/window-products/style/7527105762?tr=ftspip&trx=sc4951895_1
여성의류,"전체
선택됨",,,https://shopping.naver.com/window-products/style/5915395889?tr=swl
여성의류,"전체
선택됨",,,https://shopping.naver.com/window-products/style/8284344322?tr=swl
여성의류,"전체
선택됨",,,https://shopping.naver.com/window-products/style/4903501106?tr=ftspip&trx=sc8153413_1
여성의류,아우터,,,https://shopping.naver.com/window-products/style/7901063093?tr=ftspip&trx=sc8028691_1
여성의류,아우터,,,https://shopping.naver.com/window-products/style/2512642119?tr=swl
여성의류,아우터,,,https://shopping.naver.com/window-products/style/3565871966?tr=swl
여성의류,아우터,,,https://shopping.naver.com/window-products/style/7512323497?tr=swl
여성의류,아우터,,,https://shopping.naver.com/window-products/style/2000235543?tr=ftspip&trx=sc3457534_1
여성의류,아우터,,,https://shopping.naver.com/window-products/style/5147657768?tr=swl#COORDI
여성의류,아우터,,,https://shopping.naver.com/window-products/style/7527106176?tr=swl
여성의류,아우터,,,https://shopping.naver.com/window-products/style/10669026724?tr=ftspip&trx=sc7804813_1
여성의류,아우터,,,https://shopping.naver.com/window-products/style/7527103234?tr=swl
여성의류,아우터,,,https://shopping.naver.com/window-products/style/4861349532?tr=ftspip&trx=sc6949797_1
여성의류,아우터,,,https://shopping.naver.com/window-products/style/5446500383?tr=ftspip&trx=sc8197051_1
여성의류,아우터,,,https://shopping.naver.com/window-products/style/9228609628?tr=swl#COORDI
여성의류,아우터,,,https://shopping.naver.com/window-products/style/11008844470?tr=ftspip&trx=sc7465535_1
여성의류,아우터,,,https://shopping.naver.com/window-products/style/7496048248?tr=ftspip&trx=sc2340875_1
여성의류,아우터,,,https://shopping.naver.com/window-products/style/7526432680?tr=swl
여성의류,아우터,,,https://shopping.naver.com/window-products/style/7531849735?tr=swl
여성의류,아우터,,,https://shopping.naver.com/window-products/style/7527099595?tr=ftspip&trx=sc5861118_1
여성의류,아우터,,,https://shopping.naver.com/window-products/style/4945397535?tr=ftspip&trx=sc6393652_1
여성의류,아우터,,,https://shopping.naver.com/window-products/style/10707649539?tr=ftspip&trx=sc8163841_1
여성의류,아우터,,,https://shopping.naver.com/window-products/style/5622332194?tr=swl
여성의류,아우터,,,https://shopping.naver.com/window-products/style/7221049780?tr=ftspip&trx=sc5324604_1
여성의류,아우터,,,https://shopping.naver.com/window-products/style/4994865954?tr=ftspip&trx=sc6894196_1
여성의류,아우터,,,https://shopping.naver.com/window-products/style/7526432401?tr=swl
여성의류,아우터,,,https://shopping.naver.com/window-products/style/8392022216?tr=ftspip&trx=sc6742343_1
여성의류,아우터,,,https://shopping.naver.com/window-products/style/7512321848?tr=swl
여성의류,아우터,,,https://shopping.naver.com/window-products/style/5558192252?tr=swl
여성의류,아우터,,,https://shopping.naver.com/window-products/style/5542094168?tr=swl
여성의류,아우터,,,https://shopping.naver.com/window-products/style/9923993270?tr=swl
여성의류,아우터,,,https://shopping.naver.com/window-products/style/11007303783?tr=swl
여성의류,아우터,,,https://shopping.naver.com/window-products/style/7531489186?tr=swl
여성의류,상의,,,https://shopping.naver.com/window-products/style/4815604748?tr=swl
여성의류,상의,,,https://shopping.naver.com/window-products/style/3437228618?tr=swl
여성의류,상의,,,https://shopping.naver.com/window-products/style/8304383878?tr=swl
여성의류,상의,,,https://shopping.naver.com/window-products/style/7527093267?tr=ftspip&trx=sc4561422_1
여성의류,상의,,,https://shopping.naver.com/window-products/style/5072540311?tr=ftspip&trx=sc70429_1
여성의류,상의,,,https://shopping.naver.com/window-products/style/8085117830?tr=swl#COORDI
여성의류,상의,,,https://shopping.naver.com/window-products/style/2146912770?tr=swl
여성의류,상의,,,https://shopping.naver.com/window-products/style/5140730684?tr=ftspip&trx=sc7450707_1
여성의류,상의,,,https://shopping.naver.com/window-products/style/4868690618?tr=swl
여성의류,상의,,,https://shopping.naver.com/window-products/style/7512322764?tr=ftspip&trx=sc7908869_1
여성의류,상의,,,https://shopping.naver.com/window-products/style/7527105762?tr=ftspip&trx=sc4951895_1
여성의류,상의,,,https://shopping.naver.com/window-products/style/4507960935?tr=swl#COORDI
여성의류,상의,,,https://shopping.naver.com/window-products/style/5915395889?tr=swl
여성의류,상의,,,https://shopping.naver.com/window-products/style/8284344322?tr=swl
여성의류,상의,,,https://shopping.naver.com/window-products/style/4903501106?tr=ftspip&trx=sc8153413_1
여성의류,상의,,,https://shopping.naver.com/window-products/style/4126274421?tr=ftspip&trx=sc7828495_1
여성의류,상의,,,https://shopping.naver.com/window-products/style/5215274639?tr=swl
여성의류,상의,,,https://shopping.naver.com/window-products/style/7526433320?tr=swl
여성의류,상의,,,https://shopping.naver.com/window-products/style/7512324566?tr=swl
여성의류,상의,,,https://shopping.naver.com/window-products/style/7527106818?tr=swl
여성의류,상의,,,https://shopping.naver.com/window-products/style/3729385447?tr=ftspip&trx=sc6920056_1
여성의류,상의,,,https://shopping.naver.com/window-products/style/5557071842?tr=ftspip&trx=sc6583744_1
여성의류,상의,,,https://shopping.naver.com/window-products/style/3737638806?tr=swl
여성의류,상의,,,https://shopping.naver.com/window-products/style/7527097678?tr=ftspip&trx=sc3992999_1
여성의류,상의,,,https://shopping.naver.com/window-products/style/3648742579?tr=swl
여성의류,상의,,,https://shopping.naver.com/window-products/style/7522204039?tr=swl
여성의류,상의,,,https://shopping.naver.com/window-products/style/5882511846?tr=ftspip&trx=sc7379690_1
여성의류,상의,,,https://shopping.naver.com/window-products/style/2333814814?tr=swl
여성의류,상의,,,https://shopping.naver.com/window-products/style/7511891010?tr=swl
여성의류,상의,,,https://shopping.naver.com/window-products/style/5798804592?tr=ftspip&trx=sc5488080_1
여성의류,하의,,,https://shopping.naver.com/window-products/style/4507960935?tr=swl
여성의류,하의,,,https://shopping.naver.com/window-products/style/7527099736?tr=ftspip&trx=sc5346572_1
여성의류,하의,,,https://shopping.naver.com/window-products/style/5882211535?tr=swl
여성의류,하의,,,https://shopping.naver.com/window-products/style/3934438294?tr=swl
여성의류,하의,,,https://shopping.naver.com/window-products/style/5194189546?tr=ftspip&trx=sc7305032_1
여성의류,하의,,,https://shopping.naver.com/window-products/style/8085117830?tr=swl#COORDI
여성의류,하의,,,https://shopping.naver.com/window-products/style/3641139441?tr=ftspip&trx=sc786290_1
여성의류,하의,,,https://shopping.naver.com/window-products/style/4986553483?tr=swl
여성의류,하의,,,https://shopping.naver.com/window-products/style/4685241232?tr=ftspip&trx=sc7629517_1
여성의류,하의,,,https://shopping.naver.com/window-products/style/4414785709?tr=ftspip&trx=sc4017981_1
여성의류,하의,,,https://shopping.naver.com/window-products/style/5178386601?tr=ftspip&trx=sc8016185_1
여성의류,하의,,,https://shopping.naver.com/window-products/style/4507960935?tr=swl#COORDI
여성의류,하의,,,https://shopping.naver.com/window-products/style/7983742890?tr=ftspip&trx=sc7501843_1
여성의류,하의,,,https://shopping.naver.com/window-products/style/4794670277?tr=swl
여성의류,하의,,,https://shopping.naver.com/window-products/style/6630324384?tr=ftspip&trx=sc8073968_1
여성의류,하의,,,https://shopping.naver.com/window-products/style/4680181226?tr=swl
여성의류,하의,,,https://shopping.naver.com/window-products/style/4271386604?tr=ftspip&trx=sc5902121_1
여성의류,하의,,,https://shopping.naver.com/window-products/style/8391687415?tr=ftspip&trx=sc6668865_1
여성의류,하의,,,https://shopping.naver.com/window-products/style/7530809986?tr=swl
여성의류,하의,,,https://shopping.naver.com/window-products/style/8402296253?tr=ftspip&trx=sc6834508_1
여성의류,하의,,,https://shopping.naver.com/window-products/style/4839652199?tr=ftspip&trx=sc7305435_1
여성의류,하의,,,https://shopping.naver.com/window-products/style/2224951666?tr=swl
여성의류,하의,,,https://shopping.naver.com/window-products/style/1003104356?tr=swl
여성의류,하의,,,https://shopping.naver.com/window-products/style/7396820596?tr=swl
여성의류,하의,,,https://shopping.naver.com/window-products/style/8062886115?tr=swl
여성의류,하의,,,https://shopping.naver.com/window-products/style/4678492193?tr=ftspip&trx=sc6902432_1
여성의류,하의,,,https://shopping.naver.com/window-products/style/8145920886?tr=ftspip&trx=sc8071966_1
여성의류,하의,,,https://shopping.naver.com/window-products/style/6957885938?tr=ftspip&trx=sc7129121_1
여성의류,하의,,,https://shopping.naver.com/window-products/style/4875990999?tr=ftspip&trx=sc94905_1
여성의류,하의,,,https://shopping.naver.com/window-products/style/9384781150?tr=swl
여성의류,원피스/셋업,,,https://shopping.naver.com/window-products/style/4528133491?tr=ftspip&trx=sc6390486_1
여성의류,원피스/셋업,,,https://shopping.naver.com/window-products/style/4687834560?tr=ftspip&trx=sc7629543_1
여성의류,원피스/셋업,,,https://shopping.naver.com/window-products/style/8304909703?tr=ftspip&trx=sc5292017_1
여성의류,원피스/셋업,,,https://shopping.naver.com/window-products/style/7527102792?tr=swl
여성의류,원피스/셋업,,,https://shopping.naver.com/window-products/style/7526433321?tr=swl
여성의류,원피스/셋업,,,https://shopping.naver.com/window-products/style/3715095847?tr=swl#COORDI
여성의류,원피스/셋업,,,https://shopping.naver.com/window-products/style/7531604160?tr=swl
여성의류,원피스/셋업,,,https://shopping.naver.com/window-products/style/7515020861?tr=ftspip&trx=sc317712_1
여성의류,원피스/셋업,,,https://shopping.naver.com/window-products/style/7527110351?tr=swl
여성의류,원피스/셋업,,,https://shopping.naver.com/window-products/style/5149405591?tr=ftspip&trx=sc1997143_1
여성의류,원피스/셋업,,,https://shopping.naver.com/window-products/style/5115170435?tr=ftspip&trx=sc773371_1
여성의류,원피스/셋업,,,https://shopping.naver.com/window-products/style/5104736416?tr=swl#COORDI
여성의류,원피스/셋업,,,https://shopping.naver.com/window-products/style/7531618664?tr=swl
여성의류,원피스/셋업,,,https://shopping.naver.com/window-products/style/9116710390?tr=ftspip&trx=sc8003430_1
여성의류,원피스/셋업,,,https://shopping.naver.com/window-products/style/7512320523?tr=swl
여성의류,원피스/셋업,,,https://shopping.naver.com/window-products/style/3643433359?tr=swl
여성의류,원피스/셋업,,,https://shopping.naver.com/window-products/style/4089677483?tr=swl
여성의류,원피스/셋업,,,https://shopping.naver.com/window-products/style/7526432583?tr=swl
여성의류,원피스/셋업,,,https://shopping.naver.com/window-products/style/5675450671?tr=swl
여성의류,원피스/셋업,,,https://shopping.naver.com/window-products/style/7526433315?tr=swl
여성의류,원피스/셋업,,,https://shopping.naver.com/window-products/style/4889456516?tr=swl
여성의류,원피스/셋업,,,https://shopping.naver.com/window-products/style/8948278178?tr=swl
여성의류,원피스/셋업,,,https://shopping.naver.com/window-products/style/7525420285?tr=swl
여성의류,원피스/셋업,,,https://shopping.naver.com/window-products/style/9559207350?tr=swl
여성의류,원피스/셋업,,,https://shopping.naver.com/window-products/style/8304475247?tr=swl
여성의류,원피스/셋업,,,https://shopping.naver.com/window-products/style/7984355202?tr=ftspip&trx=sc6125410_1
여성의류,원피스/셋업,,,https://shopping.naver.com/window-products/style/9173918178?tr=ftspip&trx=sc3052128_1
여성의류,원피스/셋업,,,https://shopping.naver.com/window-products/style/4919061169?tr=swl#COORDI
여성의류,원피스/셋업,,,https://shopping.naver.com/window-products/style/7512318866?tr=swl
여성의류,원피스/셋업,,,https://shopping.naver.com/window-products/style/4866518175?tr=swl
여성의류,트레이닝복,,,https://shopping.naver.com/window-products/style/8063814249?tr=ftspip&trx=sc8006640_1
여성의류,트레이닝복,,,https://shopping.naver.com/window-products/style/3934438294?tr=swl
여성의류,트레이닝복,,,https://shopping.naver.com/window-products/style/7983742890?tr=ftspip&trx=sc7501843_1
여성의류,트레이닝복,,,https://shopping.naver.com/window-products/style/2224951666?tr=swl
여성의류,트레이닝복,,,https://shopping.naver.com/window-products/style/8062886115?tr=swl
여성의류,트레이닝복,,,https://shopping.naver.com/window-products/style/3934438294?tr=swl#COORDI
여성의류,트레이닝복,,,https://shopping.naver.com/window-products/style/5934159515?tr=ftspip&trx=sc7718025_1
여성의류,트레이닝복,,,https://shopping.naver.com/window-products/style/8062693121?tr=swl
여성의류,트레이닝복,,,https://shopping.naver.com/window-products/style/4945681276?tr=ftspip&trx=sc294361_1
여성의류,트레이닝복,,,https://shopping.naver.com/window-products/style/2257693815?tr=swl
여성의류,트레이닝복,,,https://shopping.naver.com/window-products/style/6425395408?tr=swl
여성의류,트레이닝복,,,https://shopping.naver.com/window-products/style/5147657768?tr=swl#COORDI
여성의류,트레이닝복,,,https://shopping.naver.com/window-products/style/8496701759?tr=ftspip&trx=sc5746372_1
여성의류,트레이닝복,,,https://shopping.naver.com/window-products/style/6006911993?tr=swl
여성의류,트레이닝복,,,https://shopping.naver.com/window-products/style/4748525211?tr=ftspip&trx=sc5038279_1
여성의류,트레이닝복,,,https://shopping.naver.com/window-products/style/7530810006?tr=swl
여성의류,트레이닝복,,,https://shopping.naver.com/window-products/style/8085742882?tr=swl
여성의류,트레이닝복,,,https://shopping.naver.com/window-products/style/5799809982?tr=swl
여성의류,트레이닝복,,,https://shopping.naver.com/window-products/style/4744211115?tr=ftspip&trx=sc4911344_1
여성의류,트레이닝복,,,https://shopping.naver.com/window-products/style/8063489155?tr=swl
여성의류,트레이닝복,,,https://shopping.naver.com/window-products/style/8395183915?tr=ftspip&trx=sc3039262_1
여성의류,트레이닝복,,,https://shopping.naver.com/window-products/style/5866681383?tr=swl
여성의류,트레이닝복,,,https://shopping.naver.com/window-products/style/8062894373?tr=swl
여성의류,트레이닝복,,,https://shopping.naver.com/window-products/style/2220916610?tr=swl
여성의류,트레이닝복,,,https://shopping.naver.com/window-products/style/9240065763?tr=swl
여성의류,트레이닝복,,,https://shopping.naver.com/window-products/style/8063367080?tr=swl
여성의류,트레이닝복,,,https://shopping.naver.com/window-products/style/6651087533?tr=swl
여성의류,트레이닝복,,,https://shopping.naver.com/window-products/style/5151844897?tr=swl#COORDI
여성의류,트레이닝복,,,https://shopping.naver.com/window-products/style/7533280656?tr=ftspip&trx=sc7814233_1
여성의류,트레이닝복,,,https://shopping.naver.com/window-products/style/8063807198?tr=swl
여성의류,시즌웨어,,,https://shopping.naver.com/window-products/style/8587327824?tr=ftspip&trx=sc6554894_1
여성의류,시즌웨어,,,https://shopping.naver.com/window-products/style/2834619161?tr=swl
여성의류,시즌웨어,,,https://shopping.naver.com/window-products/style/8226033035?tr=ftspip&trx=sc2990458_1
여성의류,시즌웨어,,,https://shopping.naver.com/window-products/style/8226048135?tr=ftspip&trx=sc2990475_1
여성의류,시즌웨어,,,https://shopping.naver.com/window-products/style/7531141443?tr=swl
여성의류,시즌웨어,,,https://shopping.naver.com/window-products/style/8546883635?tr=swl#COORDI
여성의류,시즌웨어,,,https://shopping.naver.com/window-products/style/7530795476?tr=swl
여성의류,시즌웨어,,,https://shopping.naver.com/window-products/style/5002862037?tr=ftspip&trx=sc3218094_1
여성의류,시즌웨어,,,https://shopping.naver.com/window-products/style/7526837278?tr=swl
여성의류,시즌웨어,,,https://shopping.naver.com/window-products/style/7526838913?tr=swl
여성의류,시즌웨어,,,https://shopping.naver.com/window-products/style/7530795307?tr=swl
여성의류,시즌웨어,,,https://shopping.naver.com/window-products/style/10471039004?tr=swl#COORDI
여성의류,시즌웨어,,,https://shopping.naver.com/window-products/style/7530793983?tr=swl
여성의류,시즌웨어,,,https://shopping.naver.com/window-products/style/8340225244?tr=swl
여성의류,시즌웨어,,,https://shopping.naver.com/window-products/style/4784237896?tr=swl
여성의류,시즌웨어,,,https://shopping.naver.com/window-products/style/8225426090?tr=ftspip&trx=sc8110490_1
여성의류,시즌웨어,,,https://shopping.naver.com/window-products/style/7533591039?tr=swl
여성의류,시즌웨어,,,https://shopping.naver.com/window-products/style/8225940386?tr=ftspip&trx=sc2882354_1
여성의류,시즌웨어,,,https://shopping.naver.com/window-products/style/7530795191?tr=ftspip&trx=sc7905633_1
여성의류,시즌웨어,,,https://shopping.naver.com/window-products/style/8477827066?tr=ftspip&trx=sc2958373_1
여성의류,시즌웨어,,,https://shopping.naver.com/window-products/style/5519683780?tr=swl
여성의류,시즌웨어,,,https://shopping.naver.com/window-products/style/8230975894?tr=swl
여성의류,시즌웨어,,,https://shopping.naver.com/window-products/style/8225950619?tr=ftspip&trx=sc2990260_1
여성의류,시즌웨어,,,https://shopping.naver.com/window-products/style/7530857629?tr=swl
여성의류,시즌웨어,,,https://shopping.naver.com/window-products/style/5303476956?tr=swl
여성의류,시즌웨어,,,https://shopping.naver.com/window-products/style/7533587172?tr=swl
여성의류,시즌웨어,,,https://shopping.naver.com/window-products/style/8339921357?tr=ftspip&trx=sc6296980_1
여성의류,시즌웨어,,,https://shopping.naver.com/window-products/style/4566399273?tr=swl#COORDI
여성의류,시즌웨어,,,https://shopping.naver.com/window-products/style/8226042378?tr=ftspip&trx=sc2882474_1
여성의류,시즌웨어,,,https://shopping.naver.com/window-products/style/8382678426?tr=swl
여성의류,요가/필라테스,,,https://shopping.naver.com/window-products/style/7512198784?tr=ftspip&trx=sc2859431_1
여성의류,요가/필라테스,,,https://shopping.naver.com/window-products/style/7512197968?tr=ftspip&trx=sc2985748_1
여성의류,요가/필라테스,,,https://shopping.naver.com/window-products/style/7538932756?tr=ftspip&trx=sc7308099_1
여성의류,요가/필라테스,,,https://shopping.naver.com/window-products/style/9701796585?tr=swl
여성의류,요가/필라테스,,,https://shopping.naver.com/window-products/style/7512196109?tr=ftspip&trx=sc4182695_1
여성의류,요가/필라테스,,,https://shopping.naver.com/window-products/style/7512196625?tr=ftspip&trx=sc4021196_1
여성의류,요가/필라테스,,,https://shopping.naver.com/window-products/style/7512198376?tr=ftspip&trx=sc5108299_1
여성의류,요가/필라테스,,,https://shopping.naver.com/window-products/style/9705951144?tr=ftspip&trx=sc2768088_1
여성의류,요가/필라테스,,,https://shopping.naver.com/window-products/style/7512192559?tr=ftspip&trx=sc5139406_1
여성의류,요가/필라테스,,,https://shopping.naver.com/window-products/style/9705793791?tr=ftspip&trx=sc7527848_1
여성의류,요가/필라테스,,,https://shopping.naver.com/window-products/style/7512197865?tr=swl
여성의류,요가/필라테스,,,https://shopping.naver.com/window-products/style/7538936377?tr=swl
여성의류,요가/필라테스,,,https://shopping.naver.com/window-products/style/7538926109?tr=ftspip&trx=sc4336695_1
여성의류,요가/필라테스,,,https://shopping.naver.com/window-products/style/7538930096?tr=swl
여성의류,요가/필라테스,,,https://shopping.naver.com/window-products/style/7538931318?tr=swl
여성의류,요가/필라테스,,,https://shopping.naver.com/window-products/style/7512198396?tr=ftspip&trx=sc1588675_1
여성의류,요가/필라테스,,,https://shopping.naver.com/window-products/style/7539105137?tr=swl
여성의류,요가/필라테스,,,https://shopping.naver.com/window-products/style/7518740743?tr=ftspip&trx=sc6650731_1
여성의류,요가/필라테스,,,https://shopping.naver.com/window-products/style/7539114048?tr=ftspip&trx=sc3038004_1
여성의류,요가/필라테스,,,https://shopping.naver.com/window-products/style/7512197718?tr=ftspip&trx=sc1776175_1
여성의류,요가/필라테스,,,https://shopping.naver.com/window-products/style/9705792192?tr=ftspip&trx=sc2714491_1
여성의류,요가/필라테스,,,https://shopping.naver.com/window-products/style/9386793919?tr=ftspip&trx=sc7308095_1
여성의류,요가/필라테스,,,https://shopping.naver.com/window-products/style/7512192519?tr=ftspip&trx=sc5139427_1
여성의류,요가/필라테스,,,https://shopping.naver.com/window-products/style/7518742258?tr=ftspip&trx=sc2987422_1
여성의류,요가/필라테스,,,https://shopping.naver.com/window-products/style/7538924765?tr=ftspip&trx=sc5026345_1
여성의류,요가/필라테스,,,https://shopping.naver.com/window-products/style/7538869461?tr=ftspip&trx=sc7123219_1
여성의류,요가/필라테스,,,https://shopping.naver.com/window-products/style/7538833424?tr=ftspip&trx=sc1030814_1
여성의류,요가/필라테스,,,https://shopping.naver.com/window-products/style/7567783453?tr=ftspip&trx=sc2987417_1
여성의류,요가/필라테스,,,https://shopping.naver.com/window-products/style/8597578212?tr=ftspip&trx=sc6379559_1
여성의류,요가/필라테스,,,https://shopping.naver.com/window-products/style/9706285710?tr=swl
여성의류,키즈패션,,,https://shopping.naver.com/window-products/style/11581250439?tr=swl
여성의류,키즈패션,,,https://shopping.naver.com/window-products/style/9636466831?tr=swl
여성의류,키즈패션,,,https://shopping.naver.com/window-products/style/11581572129?tr=swl
여성의류,키즈패션,,,https://shopping.naver.com/window-products/style/10269970662?tr=swl
여성의류,키즈패션,,,https://shopping.naver.com/window-products/style/11583282067?tr=swl
여성의류,키즈패션,,,https://shopping.naver.com/window-products/style/11326003329?tr=swl
여성의류,키즈패션,,,https://shopping.naver.com/window-products/style/11648705134?tr=swl
여성의류,키즈패션,,,https://shopping.naver.com/window-products/style/11640054906?tr=swl
여성의류,키즈패션,,,https://shopping.naver.com/window-products/style/11639650405?tr=swl
여성의류,키즈패션,,,https://shopping.naver.com/window-products/style/11694987794?tr=swl
여성의류,키즈패션,,,https://shopping.naver.com/window-products/style/11694976297?tr=swl
여성의류,키즈패션,,,https://shopping.naver.com/window-products/style/11694962219?tr=swl
여성의류,키즈패션,,,https://shopping.naver.com/window-products/style/11694947915?tr=swl
여성의류,키즈패션,,,https://shopping.naver.com/window-products/style/11694914799?tr=swl
여성의류,키즈패션,,,https://shopping.naver.com/window-products/style/11694890739?tr=swl
여성의류,키즈패션,,,https://shopping.naver.com/window-products/style/11694859437?tr=swl
여성의류,키즈패션,,,https://shopping.naver.com/window-products/style/11694837965?tr=swl
여성의류,키즈패션,,,https://shopping.naver.com/window-products/style/11694819619?tr=swl
여성의류,키즈패션,,,https://shopping.naver.com/window-products/style/11694747362?tr=swl
여성의류,키즈패션,,,https://shopping.naver.com/window-products/style/11694501363?tr=swl
여성의류,키즈패션,,,https://shopping.naver.com/window-products/style/11694454342?tr=swl
여성의류,키즈패션,,,https://shopping.naver.com/window-products/style/11694437380?tr=swl
여성의류,키즈패션,,,https://shopping.naver.com/window-products/style/11694423376?tr=swl
여성의류,키즈패션,,,https://shopping.naver.com/window-products/style/11694385882?tr=swl
여성의류,키즈패션,,,https://shopping.naver.com/window-products/style/11694356029?tr=swl
여성의류,키즈패션,,,https://shopping.naver.com/window-products/style/11694332138?tr=swl
여성의류,키즈패션,,,https://shopping.naver.com/window-products/style/11694316557?tr=swl
여성의류,키즈패션,,,https://shopping.naver.com/window-products/style/11694301170?tr=swl
여성의류,키즈패션,,,https://shopping.naver.com/window-products/style/11694262556?tr=swl
여성의류,키즈패션,,,https://shopping.naver.com/window-products/style/11694245118?tr=swl
